Full Export Completed,Partial Result Timestamp,Filters,Conversation ID,Media Type,Users,Remote,Date,Duration,Direction,Queue,Wrap-up
YES,,Queue: CHAT_NEWBOOKING; Queue: CHAT_IROP; Queue: CHAT_SCHEDULE_CHANGE; Queue: CHAT_CHGCXL,730fc9bb-0feb-460c-8ccc-8ce26939f915,message,Stefany Yesenia Martinez,Guest,10/5/26 8:07 PM,1010017,Inbound,CHAT_SCHEDULE_CHANGE,No Response Required
YES,,Queue: CHAT_NEWBOOKING; Queue: CHAT_IROP; Queue: CHAT_SCHEDULE_CHANGE; Queue: CHAT_CHGCXL,ba13e6b5-6391-4915-b04a-f9bd3ff6586e,message,Ricardo Blanco,Guest,10/5/26 8:08 PM,939711,Inbound,CHAT_IROP,Guest Abandoned / No Connection
YES,,Queue: CHAT_NEWBOOKING; Queue: CHAT_IROP; Queue: CHAT_SCHEDULE_CHANGE; Queue: CHAT_CHGCXL,7a05fb6d-e116-43d6-8d65-e70f2cdacb2d,message,Margarita Lisseth Turcios,Guest,10/5/26 8:16 PM,1757225,Inbound,CHAT_IROP,IROP - Change Itinerary
YES,,Queue: CHAT_NEWBOOKING; Queue: CHAT_IROP; Queue: CHAT_SCHEDULE_CHANGE; Queue: CHAT_CHGCXL,239076b8-a71e-4b76-8387-08382e37c861,message,Gerardo Adrian Martinez,Guest,10/5/26 8:17 PM,2540092,Inbound,CHAT_CHGCXL,Refund Inquiry/Request
YES,,Queue: CHAT_NEWBOOKING; Queue: CHAT_IROP; Queue: CHAT_SCHEDULE_CHANGE; Queue: CHAT_CHGCXL,9ff72007-ec4d-4cff-86c1-ab65a7d25a6c,message,Edgar Vargas,Guest,10/5/26 8:39 PM,1037284,Inbound,CHAT_CHGCXL,Redirected - Rewards Information
YES,,Queue: CHAT_NEWBOOKING; Queue: CHAT_IROP; Queue: CHAT_SCHEDULE_CHANGE; Queue: CHAT_CHGCXL,3518ecbe-96a6-4617-86fd-f650997f5658,message,Emily Cecilia Hernandez,Guest,10/5/26 9:32 PM,3215359,Inbound,CHAT_IROP,ININ-WRAP-UP-TIMEOUT
YES,,Queue: CHAT_NEWBOOKING; Queue: CHAT_IROP; Queue: CHAT_SCHEDULE_CHANGE; Queue: CHAT_CHGCXL,1036b153-917f-46ac-86d0-1e317020de01,message,Milagro Briceno; Gerardo Adrian Martinez,Guest,10/5/26 9:38 PM,1764338,Inbound,CHAT_CHGCXL,Guest Abandoned / No Connection; Misc/Other
YES,,Queue: CHAT_NEWBOOKING; Queue: CHAT_IROP; Queue: CHAT_SCHEDULE_CHANGE; Queue: CHAT_CHGCXL,f8d6259b-5351-4826-9f7f-c80a8cdf369e,message,Stefany Yesenia Martinez,Guest,10/5/26 10:24 PM,978101,Inbound,CHAT_IROP,No Response Required
YES,,Queue: CHAT_NEWBOOKING; Queue: CHAT_IROP; Queue: CHAT_SCHEDULE_CHANGE; Queue: CHAT_CHGCXL,fcee57cf-5e60-49aa-a7cf-a9f9a56fa4f9,message,Stefany Yesenia Martinez,Guest,10/5/26 10:27 PM,978246,Inbound,CHAT_SCHEDULE_CHANGE,No Response Required
YES,,Queue: CHAT_NEWBOOKING; Queue: CHAT_IROP; Queue: CHAT_SCHEDULE_CHANGE; Queue: CHAT_CHGCXL,95f517d2-cfd8-45a6-aaee-ab4e1f035504,message,Jeremy Jovel,Guest,10/5/26 10:29 PM,2179523,Inbound,CHAT_SCHEDULE_CHANGE,Accept Schedule change
YES,,Queue: CHAT_NEWBOOKING; Queue: CHAT_IROP; Queue: CHAT_SCHEDULE_CHANGE; Queue: CHAT_CHGCXL,3cd9e9c4-f7d6-408f-aba2-10e816a44cc7,message,Ricardo Blanco,Guest,10/5/26 10:31 PM,3303965,Inbound,CHAT_CHGCXL,Misc/Other
YES,,Queue: CHAT_NEWBOOKING; Queue: CHAT_IROP; Queue: CHAT_SCHEDULE_CHANGE; Queue: CHAT_CHGCXL,93280d22-e558-4a5e-9290-eb856ec25a67,message,Fernanda Martinez,Guest,10/5/26 10:34 PM,277794,Inbound,CHAT_CHGCXL,ININ-WRAP-UP-TIMEOUT
YES,,Queue: CHAT_NEWBOOKING; Queue: CHAT_IROP; Queue: CHAT_SCHEDULE_CHANGE; Queue: CHAT_CHGCXL,81652575-565e-47c1-b609-c9cde94eaa2f,message,Gerardo Adrian Martinez; Emily Cecilia Hernandez,Guest,10/5/26 10:35 PM,481461,Inbound,CHAT_CHGCXL,Chat Test; No Response Required
YES,,Queue: CHAT_NEWBOOKING; Queue: CHAT_IROP; Queue: CHAT_SCHEDULE_CHANGE; Queue: CHAT_CHGCXL,7967247d-55c8-4c03-8d9a-716d8829385b,message,Sussan Alexandra Rivas,Guest,10/5/26 10:36 PM,373215,Inbound,CHAT_NEWBOOKING,Chat Test
YES,,Queue: CHAT_NEWBOOKING; Queue: CHAT_IROP; Queue: CHAT_SCHEDULE_CHANGE; Queue: CHAT_CHGCXL,bd0d00f7-452a-48cd-b1f6-7c237aa4097e,message,Fernanda Martinez,Guest,10/5/26 10:38 PM,2300598,Inbound,CHAT_CHGCXL,Misc/Other
YES,,Queue: CHAT_NEWBOOKING; Queue: CHAT_IROP; Queue: CHAT_SCHEDULE_CHANGE; Queue: CHAT_CHGCXL,1f3c4cef-a05e-4967-b40f-0785ec9226f8,message,Sussan Alexandra Rivas,Guest,10/5/26 10:39 PM,1778274,Inbound,CHAT_CHGCXL,Change Inquiry
YES,,Queue: CHAT_NEWBOOKING; Queue: CHAT_IROP; Queue: CHAT_SCHEDULE_CHANGE; Queue: CHAT_CHGCXL,ab597c89-373b-4f44-9c53-effcd24666af,message,Gerardo Adrian Martinez,Guest,10/5/26 10:41 PM,448283,Inbound,CHAT_CHGCXL,Guest Abandoned / Mid‑Conversation
YES,,Queue: CHAT_NEWBOOKING; Queue: CHAT_IROP; Queue: CHAT_SCHEDULE_CHANGE; Queue: CHAT_CHGCXL,f9cbebfa-64f9-4d3b-91a5-117d1c352302,message,Emily Cecilia Hernandez,Guest,10/5/26 10:42 PM,1304852,Inbound,CHAT_CHGCXL,Change Inquiry
YES,,Queue: CHAT_NEWBOOKING; Queue: CHAT_IROP; Queue: CHAT_SCHEDULE_CHANGE; Queue: CHAT_CHGCXL,220273e9-8df0-4b78-9520-f1d33f1de702,message,Stefany Yesenia Martinez; Emily Cecilia Hernandez,Guest,10/5/26 10:44 PM,5400431,Inbound,CHAT_CHGCXL,No Response Required; Change Inquiry
YES,,Queue: CHAT_NEWBOOKING; Queue: CHAT_IROP; Queue: CHAT_SCHEDULE_CHANGE; Queue: CHAT_CHGCXL,61a597ba-27fb-48b1-9249-f930d7aaa82d,message,Jeremy Jovel,Guest,10/5/26 10:44 PM,1797954,Inbound,CHAT_CHGCXL,Guest Abandoned / No Connection
YES,,Queue: CHAT_NEWBOOKING; Queue: CHAT_IROP; Queue: CHAT_SCHEDULE_CHANGE; Queue: CHAT_CHGCXL,29d9d0f4-a064-4fe2-b9d3-664ae4a0aa00,message,Jeremy Jovel,Guest,10/5/26 10:50 PM,1171466,Inbound,CHAT_CHGCXL,ININ-WRAP-UP-TIMEOUT
YES,,Queue: CHAT_NEWBOOKING; Queue: CHAT_IROP; Queue: CHAT_SCHEDULE_CHANGE; Queue: CHAT_CHGCXL,68b6345e-0c82-452d-98c4-67f1415f0d4a,message,Emily Cecilia Hernandez,Guest,10/5/26 10:54 PM,2517111,Inbound,CHAT_NEWBOOKING,ININ-WRAP-UP-TIMEOUT
YES,,Queue: CHAT_NEWBOOKING; Queue: CHAT_IROP; Queue: CHAT_SCHEDULE_CHANGE; Queue: CHAT_CHGCXL,d1710e7b-5217-4a71-bdc1-6a41b4c41c85,message,Ricardo Blanco,Guest,10/5/26 10:56 PM,3086949,Inbound,CHAT_CHGCXL,Misc/Other
YES,,Queue: CHAT_NEWBOOKING; Queue: CHAT_IROP; Queue: CHAT_SCHEDULE_CHANGE; Queue: CHAT_CHGCXL,a7e4bd7d-18f8-4311-815a-9eb5bd34d0fa,message,Jeremy Jovel,Guest,10/5/26 10:59 PM,1927763,Inbound,CHAT_CHGCXL,Change Inquiry
YES,,Queue: CHAT_NEWBOOKING; Queue: CHAT_IROP; Queue: CHAT_SCHEDULE_CHANGE; Queue: CHAT_CHGCXL,3c2ccb32-ee36-4bfb-949a-7c32df99b10e,message,Fernanda Martinez; Alexandra Portillo,Guest,10/5/26 10:59 PM,4025531,Inbound,CHAT_CHGCXL,Misc/Other; ININ-WRAP-UP-TIMEOUT
YES,,Queue: CHAT_NEWBOOKING; Queue: CHAT_IROP; Queue: CHAT_SCHEDULE_CHANGE; Queue: CHAT_CHGCXL,1fedd90b-34bf-4914-9442-6489487fdb1d,message,Stefany Yesenia Martinez,Guest,10/5/26 11:00 PM,2289091,Inbound,CHAT_CHGCXL,ININ-WRAP-UP-TIMEOUT
YES,,Queue: CHAT_NEWBOOKING; Queue: CHAT_IROP; Queue: CHAT_SCHEDULE_CHANGE; Queue: CHAT_CHGCXL,8f678aa5-7f05-4134-828f-ea8f2dae8958,voice,Ricardo Blanco; Kathryn Agnes A Bulaon,Ricardo Blanco,10/5/26 11:06 PM,98431,Inbound/Outbound,CHAT_CHGCXL; .RSD,ININ-WRAP-UP-TIMEOUT
YES,,Queue: CHAT_NEWBOOKING; Queue: CHAT_IROP; Queue: CHAT_SCHEDULE_CHANGE; Queue: CHAT_CHGCXL,c8ad9c4b-d48e-4c24-8783-60d139b0f7b6,message,Jeremy Jovel,Guest,10/5/26 11:06 PM,2814839,Inbound,CHAT_CHGCXL,Pre-Paid Baggage
YES,,Queue: CHAT_NEWBOOKING; Queue: CHAT_IROP; Queue: CHAT_SCHEDULE_CHANGE; Queue: CHAT_CHGCXL,1a7825b7-b33b-4303-bf3d-b9273179059e,message,,Guest,10/5/26 11:07 PM,1420325,Inbound,CHAT_CHGCXL,
YES,,Queue: CHAT_NEWBOOKING; Queue: CHAT_IROP; Queue: CHAT_SCHEDULE_CHANGE; Queue: CHAT_CHGCXL,717a1e2d-20e0-4248-b5cc-ed4b27f64f0b,message,Emily Cecilia Hernandez,Guest,10/5/26 11:12 PM,1518660,Inbound,CHAT_CHGCXL,No Response Required
YES,,Queue: CHAT_NEWBOOKING; Queue: CHAT_IROP; Queue: CHAT_SCHEDULE_CHANGE; Queue: CHAT_CHGCXL,ab11db01-8870-4084-ad3e-5ff485469fd0,message,Stefany Yesenia Martinez,Guest,10/5/26 11:17 PM,2249058,Inbound,CHAT_CHGCXL,Name Change/Correction
YES,,Queue: CHAT_NEWBOOKING; Queue: CHAT_IROP; Queue: CHAT_SCHEDULE_CHANGE; Queue: CHAT_CHGCXL,ddeb51d9-7d85-4724-8f5e-91e7fea6d985,message,Alexandra Portillo,Guest,10/5/26 11:19 PM,3766756,Inbound,CHAT_CHGCXL,ININ-WRAP-UP-TIMEOUT
YES,,Queue: CHAT_NEWBOOKING; Queue: CHAT_IROP; Queue: CHAT_SCHEDULE_CHANGE; Queue: CHAT_CHGCXL,dc344c46-5a9c-4cc6-8b11-1dccaa6488ad,message,Meybelin Perez,Guest,10/5/26 11:23 PM,8152589,Inbound,CHAT_CHGCXL,ININ-WRAP-UP-TIMEOUT
YES,,Queue: CHAT_NEWBOOKING; Queue: CHAT_IROP; Queue: CHAT_SCHEDULE_CHANGE; Queue: CHAT_CHGCXL,4114c32b-681b-4c4d-a786-1684675e8b99,message,Adriana Garcia,Guest,10/5/26 11:26 PM,2322965,Inbound,CHAT_CHGCXL,ININ-WRAP-UP-TIMEOUT
YES,,Queue: CHAT_NEWBOOKING; Queue: CHAT_IROP; Queue: CHAT_SCHEDULE_CHANGE; Queue: CHAT_CHGCXL,dc5f6e35-ed46-40b9-87d5-1a5e23810512,message,,Guest,10/5/26 11:28 PM,2144971,Inbound,CHAT_CHGCXL,
YES,,Queue: CHAT_NEWBOOKING; Queue: CHAT_IROP; Queue: CHAT_SCHEDULE_CHANGE; Queue: CHAT_CHGCXL,b8e51edc-a863-452f-a021-442de5b9f309,message,Axel Melendez,Guest,10/5/26 11:34 PM,1884770,Inbound,CHAT_NEWBOOKING,Misc/Other
YES,,Queue: CHAT_NEWBOOKING; Queue: CHAT_IROP; Queue: CHAT_SCHEDULE_CHANGE; Queue: CHAT_CHGCXL,85bf5d8d-0ef6-45e6-ad91-9ac584beda4e,message,Jose Funes,Guest,10/5/26 11:36 PM,2985056,Inbound,CHAT_CHGCXL,PRS - Add Seat
YES,,Queue: CHAT_NEWBOOKING; Queue: CHAT_IROP; Queue: CHAT_SCHEDULE_CHANGE; Queue: CHAT_CHGCXL,3eb08057-3733-4ef2-8091-d373a84ef622,message,Jose Funes,Guest,10/5/26 11:39 PM,1626711,Inbound,CHAT_CHGCXL,Guest Abandoned / Mid‑Conversation
YES,,Queue: CHAT_NEWBOOKING; Queue: CHAT_IROP; Queue: CHAT_SCHEDULE_CHANGE; Queue: CHAT_CHGCXL,d5a23927-bebc-4cb5-8cf7-9e1de5084eea,message,Adriana Garcia,Guest,10/5/26 11:39 PM,2659754,Inbound,CHAT_CHGCXL,ININ-WRAP-UP-TIMEOUT
YES,,Queue: CHAT_NEWBOOKING; Queue: CHAT_IROP; Queue: CHAT_SCHEDULE_CHANGE; Queue: CHAT_CHGCXL,01e292dc-3c90-46e1-b6e4-75c1cfdc3616,message,Axel Melendez,Guest,10/5/26 11:42 PM,3140814,Inbound,CHAT_CHGCXL,Misc/Other
YES,,Queue: CHAT_NEWBOOKING; Queue: CHAT_IROP; Queue: CHAT_SCHEDULE_CHANGE; Queue: CHAT_CHGCXL,6b1e4171-790a-4a8a-abb2-89a5f113315b,message,Gerardo Adrian Martinez,Guest,10/5/26 11:48 PM,2344089,Inbound,CHAT_CHGCXL,Misc/Other
YES,,Queue: CHAT_NEWBOOKING; Queue: CHAT_IROP; Queue: CHAT_SCHEDULE_CHANGE; Queue: CHAT_CHGCXL,81967a45-9104-4f19-89e2-09c5d5207680,message,Alexandra Portillo,Guest,10/5/26 11:50 PM,3552474,Inbound,CHAT_CHGCXL,ININ-WRAP-UP-TIMEOUT
YES,,Queue: CHAT_NEWBOOKING; Queue: CHAT_IROP; Queue: CHAT_SCHEDULE_CHANGE; Queue: CHAT_CHGCXL,acffb979-ce61-4190-8fed-8362e0c53426,message,Jose Funes,Guest,10/5/26 11:51 PM,1562916,Inbound,CHAT_CHGCXL,Guest Abandoned / Mid‑Conversation
YES,,Queue: CHAT_NEWBOOKING; Queue: CHAT_IROP; Queue: CHAT_SCHEDULE_CHANGE; Queue: CHAT_CHGCXL,e6ce5485-dfbc-419f-ad71-135240402dff,message,Sussan Alexandra Rivas; Sucely Mayensy Miranda,Guest,10/5/26 11:52 PM,2438726,Inbound,CHAT_CHGCXL,No Response Required; ININ-WRAP-UP-TIMEOUT
YES,,Queue: CHAT_NEWBOOKING; Queue: CHAT_IROP; Queue: CHAT_SCHEDULE_CHANGE; Queue: CHAT_CHGCXL,9d50543a-5652-4dcc-a7b4-7cc15f1758b2,message,Jose Funes,Guest,10/5/26 11:54 PM,3329176,Inbound,CHAT_CHGCXL,Name Change/Correction
YES,,Queue: CHAT_NEWBOOKING; Queue: CHAT_IROP; Queue: CHAT_SCHEDULE_CHANGE; Queue: CHAT_CHGCXL,e0fabdc8-a2f0-40a4-8eb6-a911d9ff60ab,message,Sussan Alexandra Rivas,Guest,10/5/26 11:58 PM,2721550,Inbound,CHAT_CHGCXL,PRS - Change
YES,,Queue: CHAT_NEWBOOKING; Queue: CHAT_IROP; Queue: CHAT_SCHEDULE_CHANGE; Queue: CHAT_CHGCXL,0d98a281-8482-4ff8-be56-fc93f417250e,message,Fernanda Martinez,Guest,10/6/26 12:01 AM,3257889,Inbound,CHAT_CHGCXL,Change Inquiry
YES,,Queue: CHAT_NEWBOOKING; Queue: CHAT_IROP; Queue: CHAT_SCHEDULE_CHANGE; Queue: CHAT_CHGCXL,56b74283-72a0-40ba-8b53-ac021de6cd74,message,,Guest,10/6/26 12:09 AM,878343,Inbound,CHAT_CHGCXL,
YES,,Queue: CHAT_NEWBOOKING; Queue: CHAT_IROP; Queue: CHAT_SCHEDULE_CHANGE; Queue: CHAT_CHGCXL,37cd1bf2-e84a-4d94-8944-dc3d8630f049,voice,Jose Funes; Joseph Shevlane,Jose Funes,10/6/26 12:11 AM,145958,Inbound/Outbound,CHAT_CHGCXL; .RSD,ININ-WRAP-UP-TIMEOUT
YES,,Queue: CHAT_NEWBOOKING; Queue: CHAT_IROP; Queue: CHAT_SCHEDULE_CHANGE; Queue: CHAT_CHGCXL,7b2ea803-4464-45d4-aa21-ec183f7dc6f8,message,Adriana Garcia,Guest,10/6/26 12:11 AM,2875294,Inbound,CHAT_CHGCXL,Name Change/Correction
YES,,Queue: CHAT_NEWBOOKING; Queue: CHAT_IROP; Queue: CHAT_SCHEDULE_CHANGE; Queue: CHAT_CHGCXL,f4e00e49-dca1-4f56-871e-846c551d87f4,message,Jose Funes,Guest,10/6/26 12:16 AM,1580074,Inbound,CHAT_CHGCXL,ININ-WRAP-UP-TIMEOUT
YES,,Queue: CHAT_NEWBOOKING; Queue: CHAT_IROP; Queue: CHAT_SCHEDULE_CHANGE; Queue: CHAT_CHGCXL,d2bd09ee-3159-44bb-a3cb-c82a62eff877,message,Gerardo Adrian Martinez,Guest,10/6/26 12:18 AM,741504,Inbound,CHAT_CHGCXL,Guest Abandoned / No Connection
YES,,Queue: CHAT_NEWBOOKING; Queue: CHAT_IROP; Queue: CHAT_SCHEDULE_CHANGE; Queue: CHAT_CHGCXL,11ff37ac-e82c-4fd4-b48e-58c8bff2bb4e,message,Alexandra Portillo,Guest,10/6/26 12:28 AM,1317953,Inbound,CHAT_CHGCXL,ININ-WRAP-UP-TIMEOUT
YES,,Queue: CHAT_NEWBOOKING; Queue: CHAT_IROP; Queue: CHAT_SCHEDULE_CHANGE; Queue: CHAT_CHGCXL,dd45abc3-a576-4aa7-8d0c-855fded87281,message,Gerardo Adrian Martinez,Guest,10/6/26 12:31 AM,2228793,Inbound,CHAT_CHGCXL,Guest Abandoned / No Connection; PETC
YES,,Queue: CHAT_NEWBOOKING; Queue: CHAT_IROP; Queue: CHAT_SCHEDULE_CHANGE; Queue: CHAT_CHGCXL,13d1f46f-3a1e-4513-a3e5-82dc38f9c897,message,Sucely Mayensy Miranda,Guest,10/6/26 12:32 AM,2121973,Inbound,CHAT_CHGCXL,PETC
YES,,Queue: CHAT_NEWBOOKING; Queue: CHAT_IROP; Queue: CHAT_SCHEDULE_CHANGE; Queue: CHAT_CHGCXL,93d3a241-fa9c-47ea-ad69-906844c632dc,message,Axel Melendez,Guest,10/6/26 12:38 AM,1567889,Inbound,CHAT_CHGCXL,Guest Abandoned / Mid‑Conversation
YES,,Queue: CHAT_NEWBOOKING; Queue: CHAT_IROP; Queue: CHAT_SCHEDULE_CHANGE; Queue: CHAT_CHGCXL,a00bd4b3-547c-49cc-965b-fea862cf44eb,message,Stefany Yesenia Martinez,Guest,10/6/26 12:58 AM,944901,Inbound,CHAT_CHGCXL,ININ-WRAP-UP-TIMEOUT
YES,,Queue: CHAT_NEWBOOKING; Queue: CHAT_IROP; Queue: CHAT_SCHEDULE_CHANGE; Queue: CHAT_CHGCXL,a66e2e20-1de9-4bbb-aa11-d06d5b2664de,message,Reyna Beltran,Guest,10/6/26 1:18 AM,1908086,Inbound,CHAT_CHGCXL,ININ-WRAP-UP-TIMEOUT
YES,,Queue: CHAT_NEWBOOKING; Queue: CHAT_IROP; Queue: CHAT_SCHEDULE_CHANGE; Queue: CHAT_CHGCXL,1ff2ec09-cf5e-45e8-8baf-ae3d7caf6939,message,Katherine Recinos Mejia,Guest,10/6/26 1:31 AM,3041641,Inbound,CHAT_CHGCXL,Redirected - Compensation; Refund Inquiry/Request
YES,,Queue: CHAT_NEWBOOKING; Queue: CHAT_IROP; Queue: CHAT_SCHEDULE_CHANGE; Queue: CHAT_CHGCXL,f9746a72-913d-4ac0-a7a1-d7818f094e7e,message,Sussan Alexandra Rivas,Guest,10/6/26 1:37 AM,1555492,Inbound,CHAT_CHGCXL,PRS - Inquiry
YES,,Queue: CHAT_NEWBOOKING; Queue: CHAT_IROP; Queue: CHAT_SCHEDULE_CHANGE; Queue: CHAT_CHGCXL,283616c3-7965-433d-b34e-df8574fdd246,message,Stefany Yesenia Martinez,Guest,10/6/26 1:42 AM,1748408,Inbound,CHAT_CHGCXL,ININ-WRAP-UP-TIMEOUT
YES,,Queue: CHAT_NEWBOOKING; Queue: CHAT_IROP; Queue: CHAT_SCHEDULE_CHANGE; Queue: CHAT_CHGCXL,ada3648e-cb71-457b-b0dd-d795acfe4cf2,message,Sucely Mayensy Miranda,Guest,10/6/26 1:52 AM,1267656,Inbound,CHAT_CHGCXL,ININ-WRAP-UP-TIMEOUT
YES,,Queue: CHAT_NEWBOOKING; Queue: CHAT_IROP; Queue: CHAT_SCHEDULE_CHANGE; Queue: CHAT_CHGCXL,d919e12e-383e-4442-ab80-fb67e66c2e47,message,Adriana Garcia,Guest,10/6/26 2:01 AM,982229,Inbound,CHAT_CHGCXL,ININ-WRAP-UP-TIMEOUT
YES,,Queue: CHAT_NEWBOOKING; Queue: CHAT_IROP; Queue: CHAT_SCHEDULE_CHANGE; Queue: CHAT_CHGCXL,0c1fda54-4e6e-4c0b-901e-46952723cbf2,message,Fernanda Martinez,Guest,10/6/26 2:03 AM,1154125,Inbound,CHAT_CHGCXL,Cancel Inquiry
YES,,Queue: CHAT_NEWBOOKING; Queue: CHAT_IROP; Queue: CHAT_SCHEDULE_CHANGE; Queue: CHAT_CHGCXL,8539f4d9-dad0-416f-9aac-c7691a7edba8,message,Gerardo Adrian Martinez,Guest,10/6/26 2:04 AM,969067,Inbound,CHAT_CHGCXL,Misc/Other
YES,,Queue: CHAT_NEWBOOKING; Queue: CHAT_IROP; Queue: CHAT_SCHEDULE_CHANGE; Queue: CHAT_CHGCXL,7eb73807-9f68-433e-a150-33fe0efa4fd3,message,Meybelin Perez,Guest,10/6/26 2:10 AM,1577651,Inbound,CHAT_CHGCXL,ININ-WRAP-UP-TIMEOUT
YES,,Queue: CHAT_NEWBOOKING; Queue: CHAT_IROP; Queue: CHAT_SCHEDULE_CHANGE; Queue: CHAT_CHGCXL,a7706837-561e-4434-9f18-bc04bb51a1d5,message,Reyna Beltran,Guest,10/6/26 2:14 AM,835938,Inbound,CHAT_CHGCXL,Pre-Paid Baggage
YES,,Queue: CHAT_NEWBOOKING; Queue: CHAT_IROP; Queue: CHAT_SCHEDULE_CHANGE; Queue: CHAT_CHGCXL,014c2768-88f4-4cca-937d-f3dcfa5cd468,message,Stefany Yesenia Martinez,Guest,10/6/26 2:18 AM,1312236,Inbound,CHAT_CHGCXL,ININ-WRAP-UP-TIMEOUT
YES,,Queue: CHAT_NEWBOOKING; Queue: CHAT_IROP; Queue: CHAT_SCHEDULE_CHANGE; Queue: CHAT_CHGCXL,ece343b8-4bc0-44b0-b9b0-421d48b363af,message,Sussan Alexandra Rivas,Guest,10/6/26 2:19 AM,1553153,Inbound,CHAT_CHGCXL,Name Change/Correction
YES,,Queue: CHAT_NEWBOOKING; Queue: CHAT_IROP; Queue: CHAT_SCHEDULE_CHANGE; Queue: CHAT_CHGCXL,f9942c34-af7b-486d-b23b-b4b49ef3b5ab,message,Sucely Mayensy Miranda,Guest,10/6/26 2:20 AM,772281,Inbound,CHAT_CHGCXL,ININ-WRAP-UP-TIMEOUT
YES,,Queue: CHAT_NEWBOOKING; Queue: CHAT_IROP; Queue: CHAT_SCHEDULE_CHANGE; Queue: CHAT_CHGCXL,cd0c0b88-2d58-42dc-8396-4ea342e54e4d,message,Adriana Garcia,Guest,10/6/26 2:21 AM,1357011,Inbound,CHAT_CHGCXL,ININ-WRAP-UP-TIMEOUT
YES,,Queue: CHAT_NEWBOOKING; Queue: CHAT_IROP; Queue: CHAT_SCHEDULE_CHANGE; Queue: CHAT_CHGCXL,803198c0-26db-4555-9666-2e35475ceb2b,message,Gerardo Adrian Martinez,Guest,10/6/26 2:28 AM,808093,Inbound,CHAT_CHGCXL,Misc/Other
YES,,Queue: CHAT_NEWBOOKING; Queue: CHAT_IROP; Queue: CHAT_SCHEDULE_CHANGE; Queue: CHAT_CHGCXL,f895df64-fb20-422d-a717-497dd7ad4618,message,Katherine Recinos Mejia,Guest,10/6/26 2:32 AM,801841,Inbound,CHAT_CHGCXL,Pre-Paid Baggage
YES,,Queue: CHAT_NEWBOOKING; Queue: CHAT_IROP; Queue: CHAT_SCHEDULE_CHANGE; Queue: CHAT_CHGCXL,7779f026-3af1-49cb-a84f-4064030daa9b,message,Fernanda Martinez,Guest,10/6/26 2:54 AM,1332863,Inbound,CHAT_CHGCXL,Change Inquiry
YES,,Queue: CHAT_NEWBOOKING; Queue: CHAT_IROP; Queue: CHAT_SCHEDULE_CHANGE; Queue: CHAT_CHGCXL,de42835b-cde6-4502-9cba-644624fc5a6c,message,Reyna Beltran,Guest,10/6/26 2:56 AM,874291,Inbound,CHAT_CHGCXL,ININ-WRAP-UP-TIMEOUT
YES,,Queue: CHAT_NEWBOOKING; Queue: CHAT_IROP; Queue: CHAT_SCHEDULE_CHANGE; Queue: CHAT_CHGCXL,6f6f9297-b96e-4d34-a33c-0ec45de83137,message,Sucely Mayensy Miranda,Guest,10/6/26 3:09 AM,1765667,Inbound,CHAT_CHGCXL,ININ-WRAP-UP-TIMEOUT
YES,,Queue: CHAT_NEWBOOKING; Queue: CHAT_IROP; Queue: CHAT_SCHEDULE_CHANGE; Queue: CHAT_CHGCXL,b651b95d-f93c-434e-8943-3bf06e0d13f7,message,Stefany Yesenia Martinez,Guest,10/6/26 3:16 AM,1341285,Inbound,CHAT_CHGCXL,ININ-WRAP-UP-TIMEOUT
YES,,Queue: CHAT_NEWBOOKING; Queue: CHAT_IROP; Queue: CHAT_SCHEDULE_CHANGE; Queue: CHAT_CHGCXL,4fe7064c-6024-4cbd-ab31-c6a64116dc89,message,Gerardo Adrian Martinez,Guest,10/6/26 3:22 AM,1757914,Inbound,CHAT_NEWBOOKING,Misc/Other
YES,,Queue: CHAT_NEWBOOKING; Queue: CHAT_IROP; Queue: CHAT_SCHEDULE_CHANGE; Queue: CHAT_CHGCXL,3d8ae076-0667-4ca7-a582-78c32df47266,message,Sussan Alexandra Rivas,Guest,10/6/26 3:26 AM,2019655,Inbound,CHAT_CHGCXL,Change Inquiry
YES,,Queue: CHAT_NEWBOOKING; Queue: CHAT_IROP; Queue: CHAT_SCHEDULE_CHANGE; Queue: CHAT_CHGCXL,0235d919-d35f-4922-9e4e-a9739ac588f4,message,Katherine Recinos Mejia,Guest,10/6/26 3:28 AM,1045465,Inbound,CHAT_CHGCXL,Change
YES,,Queue: CHAT_NEWBOOKING; Queue: CHAT_IROP; Queue: CHAT_SCHEDULE_CHANGE; Queue: CHAT_CHGCXL,1166bd2f-9153-4f7d-82c6-e67f82ad5df3,message,Reyna Beltran,Guest,10/6/26 3:30 AM,806051,Inbound,CHAT_CHGCXL,Misc/Other
YES,,Queue: CHAT_NEWBOOKING; Queue: CHAT_IROP; Queue: CHAT_SCHEDULE_CHANGE; Queue: CHAT_CHGCXL,c872f849-4bc6-4133-84ce-4d2f4fe84451,message,Fernanda Martinez,Guest,10/6/26 3:37 AM,1083173,Inbound,CHAT_CHGCXL,Cancel Inquiry
YES,,Queue: CHAT_NEWBOOKING; Queue: CHAT_IROP; Queue: CHAT_SCHEDULE_CHANGE; Queue: CHAT_CHGCXL,1c487977-a1c8-48c9-90f5-066d83af41aa,message,Reyna Beltran,Guest,10/6/26 3:46 AM,1133773,Inbound,CHAT_CHGCXL,Cancel Inquiry
YES,,Queue: CHAT_NEWBOOKING; Queue: CHAT_IROP; Queue: CHAT_SCHEDULE_CHANGE; Queue: CHAT_CHGCXL,7a02f533-b7cf-4bd2-b901-0d5e9a5603fb,message,Stefany Yesenia Martinez,Guest,10/6/26 3:47 AM,847146,Inbound,CHAT_CHGCXL,ININ-WRAP-UP-TIMEOUT
YES,,Queue: CHAT_NEWBOOKING; Queue: CHAT_IROP; Queue: CHAT_SCHEDULE_CHANGE; Queue: CHAT_CHGCXL,ecc5b834-ec2d-4de0-9fb0-d1e53c768737,message,Reyna Beltran,Guest,10/6/26 3:48 AM,1168760,Inbound,CHAT_CHGCXL,Misc/Other
YES,,Queue: CHAT_NEWBOOKING; Queue: CHAT_IROP; Queue: CHAT_SCHEDULE_CHANGE; Queue: CHAT_CHGCXL,dff0b641-20f9-4ccc-97cf-14c48ae18998,message,Katherine Recinos Mejia,Guest,10/6/26 3:51 AM,1447724,Inbound,CHAT_CHGCXL,Name Change/Correction
YES,,Queue: CHAT_NEWBOOKING; Queue: CHAT_IROP; Queue: CHAT_SCHEDULE_CHANGE; Queue: CHAT_CHGCXL,9d8f32d6-44bf-41ca-a3a7-824072503e34,message,Reyna Beltran,Guest,10/6/26 3:55 AM,2333652,Inbound,CHAT_CHGCXL,PRS - Add Seat
YES,,Queue: CHAT_NEWBOOKING; Queue: CHAT_IROP; Queue: CHAT_SCHEDULE_CHANGE; Queue: CHAT_CHGCXL,17f323c1-c7d4-49ee-800d-97c1457a02ff,message,,Guest,10/6/26 3:59 AM,1572366,Inbound,CHAT_CHGCXL,
YES,,Queue: CHAT_NEWBOOKING; Queue: CHAT_IROP; Queue: CHAT_SCHEDULE_CHANGE; Queue: CHAT_CHGCXL,84909a0c-c007-4631-b335-e9b635867a27,message,Reyna Beltran,Guest,10/6/26 4:00 AM,2149929,Inbound,CHAT_CHGCXL,ININ-WRAP-UP-TIMEOUT
YES,,Queue: CHAT_NEWBOOKING; Queue: CHAT_IROP; Queue: CHAT_SCHEDULE_CHANGE; Queue: CHAT_CHGCXL,5dfe93f0-ec65-4b40-b3b0-69d3ba53b036,message,Jonathan Cruz,Guest,10/6/26 4:05 AM,1716191,Inbound,CHAT_CHGCXL,Guest Abandoned / Mid‑Conversation
YES,,Queue: CHAT_NEWBOOKING; Queue: CHAT_IROP; Queue: CHAT_SCHEDULE_CHANGE; Queue: CHAT_CHGCXL,7241fcf8-3416-4034-9b98-0cfd4b65691f,message,Jonathan Cruz,Guest,10/6/26 4:06 AM,3226960,Inbound,CHAT_CHGCXL,Cancel (Voluntary)
YES,,Queue: CHAT_NEWBOOKING; Queue: CHAT_IROP; Queue: CHAT_SCHEDULE_CHANGE; Queue: CHAT_CHGCXL,4ab177cc-11f0-4fd0-98a2-f27de13e177b,message,Katherine Recinos Mejia,Guest,10/6/26 4:11 AM,2335137,Inbound,CHAT_CHGCXL,Cancel request
YES,,Queue: CHAT_NEWBOOKING; Queue: CHAT_IROP; Queue: CHAT_SCHEDULE_CHANGE; Queue: CHAT_CHGCXL,7aa137e8-fad6-47b6-b21e-e4b8cc0b1a77,message,,Guest,10/6/26 4:16 AM,,Inbound,CHAT_CHGCXL,
YES,,Queue: CHAT_NEWBOOKING; Queue: CHAT_IROP; Queue: CHAT_SCHEDULE_CHANGE; Queue: CHAT_CHGCXL,650250be-17df-4183-b3c9-e5245d0c1f76,message,Jonathan Cruz,Guest,10/6/26 4:16 AM,,Inbound,CHAT_NEWBOOKING,
YES,,Queue: CHAT_NEWBOOKING; Queue: CHAT_IROP; Queue: CHAT_SCHEDULE_CHANGE; Queue: CHAT_CHGCXL,255a7b1c-6a8a-4dbf-8451-316708d73732,message,,Guest,10/6/26 4:17 AM,670286,Inbound,CHAT_CHGCXL,
YES,,Queue: CHAT_NEWBOOKING; Queue: CHAT_IROP; Queue: CHAT_SCHEDULE_CHANGE; Queue: CHAT_CHGCXL,45e69489-ba88-48d2-92a5-9c786260bc77,message,Reyna Beltran,Guest,10/6/26 4:20 AM,,Inbound,CHAT_CHGCXL,
YES,,Queue: CHAT_NEWBOOKING; Queue: CHAT_IROP; Queue: CHAT_SCHEDULE_CHANGE; Queue: CHAT_CHGCXL,cb832e37-22dd-4661-a828-7ddb1ef22e64,message,,Guest,10/6/26 4:27 AM,1460906,Inbound,CHAT_CHGCXL,
YES,,Queue: CHAT_NEWBOOKING; Queue: CHAT_IROP; Queue: CHAT_SCHEDULE_CHANGE; Queue: CHAT_CHGCXL,338ebe17-3714-4e38-9c9d-bcfade246985,message,,Guest,10/6/26 4:34 AM,,Inbound,CHAT_CHGCXL,
YES,,Queue: CHAT_NEWBOOKING; Queue: CHAT_IROP; Queue: CHAT_SCHEDULE_CHANGE; Queue: CHAT_CHGCXL,3ac7f0aa-714d-4076-8d90-63e6cd6011ed,message,,Guest,10/6/26 4:36 AM,,Inbound,CHAT_CHGCXL,
YES,,Queue: CHAT_NEWBOOKING; Queue: CHAT_IROP; Queue: CHAT_SCHEDULE_CHANGE; Queue: CHAT_CHGCXL,f0e10fc5-0b67-4d0f-8572-fae40470ebe3,message,,Guest,10/6/26 4:36 AM,,Inbound,CHAT_CHGCXL,
YES,,Queue: CHAT_NEWBOOKING; Queue: CHAT_IROP; Queue: CHAT_SCHEDULE_CHANGE; Queue: CHAT_CHGCXL,d5ed9c4a-87a3-4cd4-bde9-8c5369594383,message,,Guest,10/6/26 4:52 AM,,Inbound,CHAT_CHGCXL,
YES,,Queue: CHAT_NEWBOOKING; Queue: CHAT_IROP; Queue: CHAT_SCHEDULE_CHANGE; Queue: CHAT_CHGCXL,a5638311-d217-4a54-899d-cee8f140c6fb,voice,Jonathan Cruz; Christopher Fraser,Jonathan Cruz,10/6/26 4:59 AM,,Inbound/Outbound,CHAT_CHGCXL; .RSD,